{ "TILE_267_303": 2.000000, "TILE_459_127": 2.000000, "TILE_555_83": 3.000000, "TILE_651_347": 2.000000, "TILE_843_171": 4.000000, "TILE_221_325": 2.000000, "TILE_299_83": 1.000000, "TILE_395_303": 1.000000, "TILE_427_567": 1.000000, "TILE_477_501": 2.000000, "TILE_541_193": 2.000000, "TILE_285_281": 2.000000, "TILE_555_215": 2.000000, "TILE_619_39": 4.000000, "TILE_765_413": 2.000000, "TILE_861_237": 3.000000, "TILE_843_611": 6.000000, "TILE_523_479": 2.000000, "TILE_637_589": 5.000000, "TILE_107_171": 3.000000, "TILE_125_237": 1.000000, "TILE_107_611": 6.000000, "TILE_573_237": 2.000000, "TILE_669_149": 2.000000, "TILE_779_39": 6.000000, "TILE_797_149": 1.000000, "TILE_779_391": 2.000000, "TILE_349_457": 1.000000, "TILE_363_435": 3.000000, "TILE_477_369": 2.000000, "TILE_75_39": 3.000000, "TILE_701_281": 2.000000, "TILE_445_105": 1.000000, "TILE_811_479": 3.000000, "TILE_587_127": 1.000000, "TILE_139_215": 1.000000, "TILE_491_215": 2.000000, "TILE_715_435": 2.000000, "TILE_75_567": 6.000000, "TILE_733_457": 2.000000, "TILE_139_83": 1.000000, "TILE_189_545": 1.000000, "TILE_779_259": 3.000000, "TILE_75_523": 3.000000, "TILE_381_149": 2.000000, "TILE_733_413": 2.000000, "TILE_779_435": 2.000000, "TILE_363_83": 3.000000, "TILE_363_391": 4.000000, "TILE_189_501": 2.000000, "TILE_221_589": 3.000000, "TILE_139_479": 1.000000, "TILE_491_479": 2.000000, "TILE_715_259": 2.000000, "TILE_157_193": 2.000000, "TILE_189_369": 2.000000, "TILE_203_83": 3.000000, "TILE_811_215": 3.000000, "TILE_683_39": 6.000000, "TILE_637_325": 2.000000, "TILE_235_83": 3.000000, "TILE_363_259": 2.000000, "TILE_413_105": 1.000000, "TILE_523_39": 4.000000, "TILE_253_149": 2.000000, "TILE_349_413": 3.000000, "TILE_605_149": 1.000000, "TILE_715_391": 2.000000, "TILE_413_61": 8.000000, "TILE_523_215": 2.000000, "TILE_395_83": 1.000000, "TILE_395_347": 3.000000, "TILE_427_523": 2.000000, "TILE_477_545": 1.000000, "TILE_555_479": 2.000000, "TILE_93_237": 6.000000, "TILE_171_171": 2.000000, "TILE_267_347": 3.000000, "TILE_459_83": 3.000000, "TILE_651_303": 2.000000, "TILE_171_611": 3.000000, "TILE_573_61": 4.000000, "TILE_715_39": 6.000000, "TILE_765_457": 2.000000, "TILE_829_193": 3.000000, "TILE_317_281": 2.000000, "TILE_509_237": 2.000000, "TILE_75_303": 4.000000, "TILE_157_281": 2.000000, "TILE_779_215": 3.000000, "TILE_171_83": 1.000000, "TILE_331_611": 5.000000, "TILE_331_171": 2.000000, "TILE_139_259": 2.000000, "TILE_491_259": 2.000000, "TILE_637_545": 2.000000, "TILE_715_479": 2.000000, "TILE_797_61": 6.000000, "TILE_445_149": 2.000000, "TILE_555_391": 2.000000, "TILE_683_611": 6.000000, "TILE_811_435": 1.000000, "TILE_235_127": 2.000000, "TILE_491_39": 3.000000, "TILE_683_171": 2.000000, "TILE_637_61": 3.000000, "TILE_189_589": 3.000000, "TILE_203_127": 2.000000, "TILE_221_501": 2.000000, "TILE_363_479": 2.000000, "TILE_477_325": 2.000000, "TILE_93_457": 5.000000, "TILE_669_105": 3.000000, "TILE_747_171": 2.000000, "TILE_797_105": 4.000000, "TILE_139_391": 3.000000, "TILE_491_391": 2.000000, "TILE_765_237": 1.000000, "TILE_747_611": 4.000000, "TILE_829_281": 1.000000, "TILE_861_413": 4.000000, "TILE_317_193": 2.000000, "TILE_509_457": 2.000000, "TILE_523_435": 2.000000, "TILE_395_567": 1.000000, "TILE_427_303": 2.000000, "TILE_555_259": 2.000000, "TILE_651_39": 4.000000, "TILE_267_567": 5.000000, "TILE_651_523": 2.000000, "TILE_221_369": 2.000000, "TILE_125_413": 5.000000, "TILE_573_413": 2.000000, "TILE_267_523": 1.000000, "TILE_651_567": 1.000000, "TILE_747_83": 3.000000, "TILE_299_171": 2.000000, "TILE_395_523": 2.000000, "TILE_427_347": 3.000000, "TILE_125_457": 1.000000, "TILE_299_611": 5.000000, "TILE_573_457": 2.000000, "TILE_349_237": 2.000000, "TILE_555_435": 2.000000, "TILE_811_391": 1.000000, "TILE_93_413": 3.000000, "TILE_523_259": 2.000000, "TILE_221_545": 2.000000, "TILE_253_105": 1.000000, "TILE_605_105": 1.000000, "TILE_267_39": 6.000000, "TILE_413_149": 2.000000, "TILE_509_413": 2.000000, "TILE_541_281": 2.000000, "TILE_285_193": 2.000000, "TILE_363_215": 2.000000, "TILE_861_457": 1.000000, "TILE_107_39": 4.000000, "TILE_637_369": 2.000000, "TILE_733_237": 2.000000, "TILE_587_83": 3.000000, "TILE_811_259": 1.000000, "TILE_189_325": 2.000000, "TILE_477_589": 5.000000, "TILE_139_435": 1.000000, "TILE_491_435": 2.000000, "TILE_715_215": 2.000000, "TILE_75_347": 3.000000, "TILE_523_391": 2.000000, "TILE_701_193": 2.000000, "TILE_427_83": 1.000000, "TILE_637_501": 2.000000, "TILE_157_61": 3.000000, "TILE_331_39": 4.000000, "TILE_381_105": 1.000000, "TILE_619_127": 3.000000, "TILE_779_479": 1.000000, "TILE_349_501": 2.000000, "TILE_427_259": 2.000000, "TILE_555_303": 2.000000, "TILE_299_127": 2.000000, "TILE_651_479": 2.000000, "TILE_701_105": 3.000000, "TILE_395_215": 2.000000, "TILE_445_281": 2.000000, "TILE_267_215": 2.000000, "TILE_381_193": 2.000000, "TILE_363_523": 2.000000, "TILE_765_545": 1.000000, "TILE_75_391": 3.000000, "TILE_509_325": 2.000000, "TILE_541_61": 4.000000, "TILE_523_347": 2.000000, "TILE_349_369": 8.000000, "TILE_477_457": 2.000000, "TILE_93_325": 3.000000, "TILE_157_149": 2.000000, "TILE_189_413": 2.000000, "TILE_253_193": 2.000000, "TILE_427_391": 3.000000, "TILE_605_193": 2.000000, "TILE_811_83": 6.000000, "TILE_733_501": 2.000000, "TILE_861_589": 6.000000, "TILE_285_105": 1.000000, "TILE_811_347": 1.000000, "TILE_75_259": 6.000000, "TILE_619_611": 5.000000, "TILE_733_369": 2.000000, "TILE_637_237": 2.000000, "TILE_829_149": 3.000000, "TILE_779_567": 3.000000, "TILE_125_589": 6.000000, "TILE_139_303": 1.000000, "TILE_491_303": 2.000000, "TILE_573_589": 1.000000, "TILE_619_171": 2.000000, "TILE_715_523": 2.000000, "TILE_413_281": 2.000000, "TILE_541_149": 2.000000, "TILE_139_347": 1.000000, "TILE_331_127": 2.000000, "TILE_491_347": 2.000000, "TILE_715_567": 1.000000, "TILE_75_435": 5.000000, "TILE_779_523": 1.000000, "TILE_93_589": 6.000000, "TILE_189_457": 2.000000, "TILE_235_611": 3.000000, "TILE_669_193": 2.000000, "TILE_797_193": 1.000000, "TILE_235_171": 2.000000, "TILE_509_589": 1.000000, "TILE_683_127": 1.000000, "TILE_811_303": 1.000000, "TILE_317_105": 2.000000, "TILE_733_545": 1.000000, "TILE_203_171": 2.000000, "TILE_523_303": 2.000000, "TILE_381_61": 3.000000, "TILE_363_567": 2.000000, "TILE_747_127": 3.000000, "TILE_765_501": 1.000000, "TILE_861_325": 1.000000, "TILE_221_237": 2.000000, "TILE_203_611": 3.000000, "TILE_477_413": 2.000000, "TILE_125_325": 3.000000, "TILE_267_479": 2.000000, "TILE_573_325": 2.000000, "TILE_221_61": 6.000000, "TILE_349_545": 2.000000, "TILE_395_479": 2.000000, "TILE_555_347": 2.000000, "TILE_651_215": 2.000000, "TILE_427_435": 2.000000, "TILE_765_369": 2.000000, "TILE_189_237": 2.000000, "TILE_669_281": 2.000000, "TILE_797_281": 1.000000, "TILE_139_567": 3.000000, "TILE_491_567": 1.000000, "TILE_715_347": 2.000000, "TILE_829_105": 4.000000, "TILE_75_215": 6.000000, "TILE_733_325": 2.000000, "TILE_765_589": 3.000000, "TILE_779_303": 2.000000, "TILE_285_149": 2.000000, "TILE_395_391": 3.000000, "TILE_637_413": 2.000000, "TILE_669_61": 3.000000, "TILE_267_391": 3.000000, "TILE_413_193": 2.000000, "TILE_811_523": 3.000000, "TILE_843_39": 7.000000, "TILE_93_369": 3.000000, "TILE_125_545": 3.000000, "TILE_157_105": 1.000000, "TILE_523_523": 2.000000, "TILE_573_545": 2.000000, "TILE_349_325": 1.000000, "TILE_363_347": 4.000000, "TILE_509_61": 3.000000, "TILE_509_369": 2.000000, "TILE_267_259": 2.000000, "TILE_509_501": 2.000000, "TILE_171_127": 2.000000, "TILE_395_259": 2.000000, "TILE_555_567": 2.000000, "TILE_861_545": 3.000000, "TILE_93_501": 1.000000, "TILE_651_435": 2.000000, "TILE_701_149": 2.000000, "TILE_221_457": 2.000000, "TILE_427_215": 2.000000, "TILE_427_479": 2.000000, "TILE_459_171": 2.000000, "TILE_555_523": 2.000000, "TILE_733_589": 3.000000, "TILE_765_325": 2.000000, "TILE_843_127": 4.000000, "TILE_861_501": 3.000000, "TILE_509_545": 2.000000, "TILE_651_259": 2.000000, "TILE_221_413": 1.000000, "TILE_395_435": 1.000000, "TILE_477_237": 2.000000, "TILE_93_545": 3.000000,